,Iteration,Time,Fitness,FEvals,Population Size,Mutation Rate,max_iters
0,0,0.0001621059999905583,10.0,0.0,200,0.4,4096
1,1,0.006673995999989302,17.0,2.0,200,0.4,4096
2,2,0.013192633999992154,17.0,3.0,200,0.4,4096
3,3,0.01942014099999767,17.0,4.0,200,0.4,4096
4,4,0.02409081099999355,17.0,5.0,200,0.4,4096
5,5,0.030813936000001263,17.0,6.0,200,0.4,4096
6,6,0.03544583699999748,19.0,8.0,200,0.4,4096
