,Iteration,Fitness,FEvals,Time,State,use_fast_mimic,Population Size,Keep Percent,max_iters
0,0,115.03323506933009,500,0.009690438979305327,"[0, 13, 8, 1, 15, 5, 20, 11, 3, 4, 17, 12, 18, 16, 2, 9, 21, 7, 10, 14, 19, 6]",True,500,0.25,64
1,1,125.74506998347917,1002,0.29282673000125214,"[5, 19, 3, 10, 2, 11, 21, 18, 4, 9, 15, 0, 17, 13, 1, 12, 8, 14, 7, 20, 6, 16]",True,500,0.25,64
2,2,135.73886431331022,1504,0.5715483199746814,"[12, 1, 17, 7, 3, 15, 4, 10, 20, 13, 19, 8, 21, 9, 0, 14, 6, 18, 11, 2, 16, 5]",True,500,0.25,64
3,4,135.73886431331022,2506,1.1315880960028153,"[12, 1, 17, 7, 3, 15, 4, 10, 20, 13, 19, 8, 21, 9, 0, 14, 6, 18, 11, 2, 16, 5]",True,500,0.25,64
4,8,135.76982961526798,4511,2.237389349989826,"[12, 5, 17, 7, 3, 15, 4, 11, 20, 13, 19, 8, 0, 9, 21, 14, 6, 18, 10, 1, 16, 2]",True,500,0.25,64
5,16,139.29798135269965,8522,4.443751132988837,"[12, 5, 17, 7, 3, 15, 4, 13, 20, 8, 19, 9, 21, 10, 0, 14, 6, 18, 11, 2, 16, 1]",True,500,0.25,64
6,32,139.29798135269965,16538,9.454998613975476,"[12, 5, 17, 7, 3, 15, 4, 13, 20, 8, 19, 9, 21, 10, 0, 14, 6, 18, 11, 2, 16, 1]",True,500,0.25,64
7,64,139.29798135269965,32570,19.708761025976855,"[12, 5, 17, 7, 3, 15, 4, 13, 20, 8, 19, 9, 21, 10, 0, 14, 6, 18, 11, 2, 16, 1]",True,500,0.25,64
