,Iteration,Fitness,FEvals,Time,State,Population Size,Mutation Rate,max_iters
0,0,115.03323506933009,200,0.004256100015481934,"[0, 13, 8, 1, 15, 5, 20, 11, 3, 4, 17, 12, 18, 16, 2, 9, 21, 7, 10, 14, 19, 6]",200,0.3,256
1,1,127.95276744334218,402,0.021156923001399264,"[10, 0, 16, 6, 20, 19, 9, 21, 8, 17, 4, 14, 2, 15, 5, 1, 11, 7, 12, 3, 13, 18]",200,0.3,256
2,2,127.95276744334218,603,0.03719400800764561,"[10, 0, 16, 6, 20, 19, 9, 21, 8, 17, 4, 14, 2, 15, 5, 1, 11, 7, 12, 3, 13, 18]",200,0.3,256
3,4,127.95276744334218,1005,0.0673737510223873,"[10, 0, 16, 6, 20, 19, 9, 21, 8, 17, 4, 14, 2, 15, 5, 1, 11, 7, 12, 3, 13, 18]",200,0.3,256
4,8,129.42283399316923,1811,0.12594393402105197,"[7, 21, 5, 17, 10, 15, 12, 2, 20, 8, 16, 0, 11, 1, 9, 3, 13, 4, 19, 14, 6, 18]",200,0.3,256
5,16,136.8635855797643,3423,0.24260903501999564,"[6, 16, 3, 10, 0, 12, 4, 13, 20, 11, 19, 9, 21, 8, 17, 1, 18, 7, 15, 5, 14, 2]",200,0.3,256
6,32,139.08583468256438,6643,0.4739101919985842,"[17, 6, 16, 3, 10, 0, 12, 4, 13, 20, 11, 19, 9, 21, 8, 18, 1, 7, 15, 5, 14, 2]",200,0.3,256
7,64,142.35018236179525,13082,0.9287276079994626,"[12, 0, 16, 6, 20, 10, 4, 15, 2, 11, 21, 9, 19, 8, 17, 3, 14, 7, 18, 5, 13, 1]",200,0.3,256
8,128,146.6429815273995,25956,1.8371907180116978,"[12, 0, 14, 3, 15, 4, 16, 6, 20, 10, 2, 11, 21, 9, 19, 8, 18, 7, 17, 5, 13, 1]",200,0.3,256
